INSERT INTO `lv1` (lv1_id, name, sort_order) VALUES
                                                            ('A1', '의류', '1'),
                                                            ('A2', '잡화', '2');

INSERT INTO `lv2` (lv2_id, lv1_id, name, sort_order) VALUES
                                                                    ('B1', 'A1', 'outer', 1),
                                                                    ('B2', 'A1', 'top', 2),
                                                                    ('B3', 'A1', 'knit', 3),
                                                                    ('B4', 'A1', 'shirt', 4),
                                                                    ('B5', 'A1', 'pants', 5),
                                                                    ('B6', 'A2', 'shoe', 6),
                                                                    ('B7', 'A2', 'bag', 7),
                                                                    ('B8', 'A2', 'acc', 8);

INSERT INTO `lv3` (lv3_id, lv2_id, name, sort_order) VALUES
                                                                    ('C1', 'B1', '코트', 1),
                                                                    ('C2', 'B1', '자켓', 2),
                                                                    ('C3', 'B1', '수트', 3),
                                                                    ('C4', 'B1', '패딩', 4),
                                                                    ('C5', 'B1', '가죽', 5),
                                                                    ('C6', 'B1', '바람막이', 6),
                                                                    ('C7', 'B1', '야상', 7),
                                                                    ('C8', 'B1', '데님', 8),
                                                                    ('C9', 'B2', '긴팔티', 1),
                                                                    ('C10', 'B2', '후드', 2),
                                                                    ('C11', 'B2', '맨투맨', 3),
                                                                    ('C12', 'B2', '반팔티', 4),
                                                                    ('C13', 'B2', '나시', 5),
                                                                    ('C14', 'B3', '긴팔니트', 1),
                                                                    ('C15', 'B3', '반팔니트', 2),
                                                                    ('C16', 'B3', '가디건', 3),
                                                                    ('C17', 'B3', '폴라', 4),
                                                                    ('C18', 'B3', '베스트', 5),
                                                                    ('C19', 'B4', '무지', 1),
                                                                    ('C20', 'B4', '체크', 2),
                                                                    ('C21', 'B4', '데님', 3),
                                                                    ('C22', 'B4', '스트라이프', 4),
                                                                    ('C23', 'B5', '데님', 1),
                                                                    ('C24', 'B5', '슬랙스', 2),
                                                                    ('C25', 'B5', '코튼', 3),
                                                                    ('C26', 'B5', '반바지', 4),
                                                                    ('C27', 'B5', '트레이닝', 5),
                                                                    ('C28', 'B5', '나일론', 6),
                                                                    ('C29', 'B5', '폴리', 7);