INSERT INTO USERS (user_id, password, is_activate, created_at, updated_at, deleted_at, role, is_deleted)
VALUES (1, 'test1', 1, NOW(), NOW(), NULL, 'USER', 0),
       (2, 'password2', 1, NOW(), NOW(), NULL, 'USER', 0),
       (3, 'password3', 1, NOW(), NOW(), NULL, 'USER', 0),
       (4, 'password4', 1, NOW(), NOW(), NULL, 'USER', 0),
       (5, 'password5', 1, NOW(), NOW(), NULL, 'USER', 0),
       (6, 'password6', 1, NOW(), NOW(), NULL, 'USER', 0),
       (7, 'password7', 1, NOW(), NOW(), NULL, 'USER', 0),
       (8, 'password8', 1, NOW(), NOW(), NULL, 'USER', 0),
       (9, 'password9', 1, NOW(), NOW(), NULL, 'USER', 0),
       (10, 'password10', 1, NOW(), NOW(), NULL, 'USER', 0),
       (11, 'password11', 1, NOW(), NOW(), NULL, 'USER', 0),
       (12, 'password12', 1, NOW(), NOW(), NULL, 'USER', 0),
       (13, 'password13', 1, NOW(), NOW(), NULL, 'USER', 0),
       (14, 'password14', 1, NOW(), NOW(), NULL, 'USER', 0),
       (15, 'password15', 1, NOW(), NOW(), NULL, 'USER', 0),
       (16, 'password16', 1, NOW(), NOW(), NULL, 'USER', 0),
       (17, 'password17', 1, NOW(), NOW(), NULL, 'USER', 0),
       (18, 'password18', 1, NOW(), NOW(), NULL, 'USER', 0),
       (19, 'password19', 1, NOW(), NOW(), NULL, 'USER', 0),
       (20, 'password20', 1, NOW(), NOW(), NULL, 'USER', 0),
       (21, 'password21', 1, NOW(), NOW(), NULL, 'USER', 0),
       (22, 'password22', 1, NOW(), NOW(), NULL, 'USER', 0),
       (23, 'password23', 1, NOW(), NOW(), NULL, 'USER', 0),
       (24, 'password24', 1, NOW(), NOW(), NULL, 'USER', 0),
       (25, 'password25', 1, NOW(), NOW(), NULL, 'USER', 0),
       (26, 'password26', 1, NOW(), NOW(), NULL, 'USER', 0),
       (27, 'password27', 1, NOW(), NOW(), NULL, 'USER', 0),
       (28, 'password28', 1, NOW(), NOW(), NULL, 'USER', 0),
       (29, 'password29', 1, NOW(), NOW(), NULL, 'USER', 0),
       (30, 'password30', 1, NOW(), NOW(), NULL, 'USER', 0);



INSERT INTO USER_DETAIL (user_id, email, name, phone_number, birth_date, gender, job_code)
VALUES (1, 'test@test', 'TESTER', '010-1111-0001', '1990-01-15', 'M', 1),
       (2, 'leeseoyeon2@example.com', '이서연', '010-1111-0002', '1991-02-23', 'F', 2),
       (3, 'parkjihun3@example.com', '박지훈', '010-1111-0003', '1988-07-30', 'M', 3),
       (4, 'choiyujin4@example.com', '최유진', '010-1111-0004', '1995-05-11', 'F', 1),
       (5, 'junghaneul5@example.com', '정하늘', '010-1111-0005', '1992-09-19', 'M', 2),
       (6, 'yoonjiwoo6@example.com', '윤지우', '010-1111-0006', '1993-04-07', 'F', 3),
       (7, 'jangdohyun7@example.com', '장도현', '010-1111-0007', '1990-12-29', 'M', 1),
       (8, 'hansohi8@example.com', '한소희', '010-1111-0008', '1994-08-13', 'F', 2),
       (9, 'songjimin9@example.com', '송지민', '010-1111-0009', '1989-11-22', 'F', 3),
       (10, 'oseunghyun10@example.com', '오승현', '010-1111-0010', '1991-03-18', 'M', 1),
       (11, 'kimminjun11@example.com', '김민준', '010-1111-0011', '1990-06-15', 'M', 2),
       (12, 'leeseoyeon12@example.com', '이서연', '010-1111-0012', '1991-07-23', 'F', 3),
       (13, 'parkjihun13@example.com', '박지훈', '010-1111-0013', '1988-10-30', 'M', 1),
       (14, 'choiyujin14@example.com', '최유진', '010-1111-0014', '1995-12-11', 'F', 2),
       (15, 'junghaneul15@example.com', '정하늘', '010-1111-0015', '1992-01-19', 'M', 3),
       (16, 'yoonjiwoo16@example.com', '윤지우', '010-1111-0016', '1993-02-07', 'F', 1),
       (17, 'jangdohyun17@example.com', '장도현', '010-1111-0017', '1990-05-29', 'M', 2),
       (18, 'hansohi18@example.com', '한소희', '010-1111-0018', '1994-06-13', 'F', 3),
       (19, 'songjimin19@example.com', '송지민', '010-1111-0019', '1989-09-22', 'F', 1),
       (20, 'oseunghyun20@example.com', '오승현', '010-1111-0020', '1991-11-18', 'M', 2),
       (21, 'kimminjun21@example.com', '김민준', '010-1111-0021', '1990-04-15', 'M', 3),
       (22, 'leeseoyeon22@example.com', '이서연', '010-1111-0022', '1991-05-23', 'F', 1),
       (23, 'parkjihun23@example.com', '박지훈', '010-1111-0023', '1988-08-30', 'M', 2),
       (24, 'choiyujin24@example.com', '최유진', '010-1111-0024', '1995-10-11', 'F', 3),
       (25, 'junghaneul25@example.com', '정하늘', '010-1111-0025', '1992-03-19', 'M', 1),
       (26, 'yoonjiwoo26@example.com', '윤지우', '010-1111-0026', '1993-04-07', 'F', 2),
       (27, 'jangdohyun27@example.com', '장도현', '010-1111-0027', '1990-07-29', 'M', 3),
       (28, 'hansohi28@example.com', '한소희', '010-1111-0028', '1994-08-13', 'F', 1),
       (29, 'songjimin29@example.com', '송지민', '010-1111-0029', '1989-11-22', 'F', 2),
       (30, 'oseunghyun30@example.com', '오승현', '010-1111-0030', '1991-03-18', 'M', 3);


INSERT INTO default_user_address (user_id, road_address_1, road_address_2, jibun_address, detail_address,
                                  english_address, zip_code, address_name)
VALUES (1, '서울특별시 강남구 테헤란로', '삼성타워', '강남동', '101', '101, Teheran-ro, Gangnam-gu, Seoul', '06134', '기본주소1'),
       (2, '부산광역시 해운대구 우동', '해운대 센텀빌', '우동', '202', '202, U-dong, Haeundae-gu, Busan', '48058', '기본주소2'),
       (3, '대구광역시 중구 동성로', '대구타워', '동성로', '303', '303, Dongsung-ro, Jung-gu, Daegu', '41944', '기본주소3'),
       (4, '인천광역시 남동구 간석동', '간석아파트', '간석동', '404', '404, Ganseok-dong, Namdong-gu, Incheon', '21542', '기본주소4'),
       (5, '광주광역시 서구 상무지구', '상무센트럴', '상무지구', '505', '505, Sangmu District, Seo-gu, Gwangju', '61946', '기본주소5'),
       (6, '대전광역시 유성구 봉명동', '봉명빌라', '봉명동', '606', '606, Bongmyeong-dong, Yuseong-gu, Daejeon', '34134', '기본주소6'),
       (7, '울산광역시 남구 삼산동', '삼산프라자', '삼산동', '707', '707, Samsan-dong, Nam-gu, Ulsan', '44722', '기본주소7'),
       (8, '경기도 성남시 분당구 야탑동', '야탑타워', '야탑동', '808', '808, Yatap-dong, Bundang-gu, Seongnam', '13495', '기본주소8'),
       (9, '강원도 춘천시 후평동', '후평빌라', '후평동', '909', '909, Hupyeong-dong, Chuncheon, Gangwon', '24234', '기본주소9'),
       (10, '충청북도 청주시 상당구 사직동', '사직아파트', '사직동', '1010', '1010, Sajik-dong, Sangdang-gu, Cheongju', '28527', '기본주소10'),
       (11, '전라북도 전주시 완산구 효자동', '효자빌라', '효자동', '111', '111, Hyoja-dong, Wansan-gu, Jeonju', '55002', '기본주소11'),
       (12, '전라남도 목포시 상동', '상동아파트', '상동', '212', '212, Sang-dong, Mokpo, Jeonnam', '58644', '기본주소12'),
       (13, '경상북도 포항시 남구 오천읍', '오천아파트', '오천읍', '313', '313, Ocheon-eup, Nam-gu, Pohang, Gyeongbuk', '37823', '기본주소13'),
       (14, '경상남도 창원시 마산합포구', '마산프라자', '마산동', '414', '414, Masan-dong, Masanhappo-gu, Changwon', '51242', '기본주소14'),
       (15, '제주특별자치도 제주시 연동', '연동아파트', '연동', '515', '515, Yeon-dong, Jeju-si', '63243', '기본주소15'),
       (16, '서울특별시 중구 명동', '명동빌딩', '명동', '616', '616, Myeong-dong, Jung-gu, Seoul', '04537', '기본주소16'),
       (17, '부산광역시 부산진구 부전동', '부전아파트', '부전동', '717', '717, Bujeon-dong, Busanjin-gu, Busan', '47215', '기본주소17'),
       (18, '대구광역시 수성구 범어동', '범어타워', '범어동', '818', '818, Beomeo-dong, Suseong-gu, Daegu', '42230', '기본주소18'),
       (19, '인천광역시 연수구 송도동', '송도파크', '송도동', '919', '919, Songdo-dong, Yeonsu-gu, Incheon', '21985', '기본주소19'),
       (20, '광주광역시 광산구 우산동', '우산아파트', '우산동', '1020', '1020, Usan-dong, Gwangsan-gu, Gwangju', '62435', '기본주소20'),
       (21, '경기도 고양시 일산동구 장항동', '장항아파트', '장항동', '1121', '1121, Janghang-dong, Ilsandong-gu, Goyang', '10436', '기본주소21'),
       (22, '강원도 강릉시 경포동', '경포타워', '경포동', '1222', '1222, Gyeongpo-dong, Gangneung', '25425', '기본주소22'),
       (23, '충청남도 천안시 동남구 신부동', '신부아파트', '신부동', '1323', '1323, Sinbu-dong, Dongnam-gu, Cheonan', '31045', '기본주소23'),
       (24, '전라북도 군산시 나운동', '나운아파트', '나운동', '1424', '1424, Naun-dong, Gunsan', '54011', '기본주소24'),
       (25, '대전광역시 동구 대동', '대동아파트', '대동', '1525', '1525, Daedong-dong, Dong-gu, Daejeon', '34517', '기본주소25'),
       (26, '울산광역시 북구 송정동', '송정아파트', '송정동', '1626', '1626, Songjeong-dong, Buk-gu, Ulsan', '44815', '기본주소26'),
       (27, '경상남도 진주시 평거동', '평거빌라', '평거동', '1727', '1727, Pyeonggeo-dong, Jinju', '52733', '기본주소27'),
       (28, '제주특별자치도 서귀포시 중문동', '중문타운', '중문동', '1828', '1828, Jungmun-dong, Seogwipo', '63512', '기본주소28'),
       (29, '서울특별시 강서구 등촌동', '등촌빌라', '등촌동', '1929', '1929, Deungchon-dong, Gangseo-gu, Seoul', '07542', '기본주소29'),
       (30, '부산광역시 사상구 괘법동', '괘법아파트', '괘법동', '2030', '2030, Gwaebeop-dong, Sasang-gu, Busan', '47031', '기본주소30');



INSERT INTO user_terms_agreement (agreement_id, user_id, terms_id, agreed_at, ip_address)
VALUES (1, 1, 101, '2025-06-01 10:15:00', '192.168.0.1'),
       (2, 2, 102, '2025-06-02 11:20:00', '192.168.0.2'),
       (3, 3, 103, '2025-06-03 12:25:00', '192.168.0.3'),
       (4, 4, 101, '2025-06-04 13:30:00', '192.168.0.4'),
       (5, 5, 102, '2025-06-05 14:35:00', '192.168.0.5'),
       (6, 6, 103, '2025-06-06 15:40:00', '192.168.0.6'),
       (7, 7, 101, '2025-06-07 16:45:00', '192.168.0.7'),
       (8, 8, 102, '2025-06-08 17:50:00', '192.168.0.8'),
       (9, 9, 103, '2025-06-09 18:55:00', '192.168.0.9'),
       (10, 10, 101, '2025-06-10 19:00:00', '192.168.0.10'),
       (11, 11, 102, '2025-06-11 09:05:00', '192.168.0.11'),
       (12, 12, 103, '2025-06-12 10:10:00', '192.168.0.12'),
       (13, 13, 101, '2025-06-13 11:15:00', '192.168.0.13'),
       (14, 14, 102, '2025-06-14 12:20:00', '192.168.0.14'),
       (15, 15, 103, '2025-06-15 13:25:00', '192.168.0.15'),
       (16, 16, 101, '2025-06-16 14:30:00', '192.168.0.16'),
       (17, 17, 102, '2025-06-17 15:35:00', '192.168.0.17'),
       (18, 18, 103, '2025-06-18 16:40:00', '192.168.0.18'),
       (19, 19, 101, '2025-06-19 17:45:00', '192.168.0.19'),
       (20, 20, 102, '2025-06-20 18:50:00', '192.168.0.20'),
       (21, 21, 103, '2025-06-21 19:55:00', '192.168.0.21'),
       (22, 22, 101, '2025-06-22 20:00:00', '192.168.0.22'),
       (23, 23, 102, '2025-06-23 09:05:00', '192.168.0.23'),
       (24, 24, 103, '2025-06-24 10:10:00', '192.168.0.24'),
       (25, 25, 101, '2025-06-25 11:15:00', '192.168.0.25'),
       (26, 26, 102, '2025-06-26 12:20:00', '192.168.0.26'),
       (27, 27, 103, '2025-06-27 13:25:00', '192.168.0.27'),
       (28, 28, 101, '2025-06-28 14:30:00', '192.168.0.28'),
       (29, 29, 102, '2025-06-29 15:35:00', '192.168.0.29'),
       (30, 30, 103, '2025-06-30 16:40:00', '192.168.0.30');